ITDO｜個人用セルフワーク記録							
0.1-draft｜本人と必要な確認担当者だけで共有。社員全員の記録を同一ファイルへ集めない。							
							
入力した行		記録確認済み		人間確認待ち		検査エラー	
=COUNTIF('学習'!$A$2:$A$501,"<>")		=COUNTIF('学習'!$W$2:$W$501,"記録確認済（習得認定ではない）")		=COUNTIF('学習'!$W$2:$W$501,"人間確認待ち")		=COUNTIF('学習'!$U$2:$U$501,"学習入力不備")+COUNTIF('学習'!$V$2:$V$501,"版未確認・不一致")+COUNTIF('学習'!$W$2:$W$501,"計算エラー")	
							
開始	管理者が決めたワークと固定教材版を使用する。初回答、支援後修正、別場面、遅延確認は別の行へ記録する。						
行キー	セッションID＋課題区分＋設問ID。セッションIDの繰り返し自体はエラーではない。設問IDが同じ改訂には枝番を付ける。						
回答の保存	初回答参照には非公開の原回答の位置を記す。AI要約だけでは代替しない。Geminiに保存済みと申告させない。						
照合	確認状態は記録内容を人間が照合した状態。習得・合格・人事評価ではない。						
件数整合	=IFERROR(IF(COUNTIF('学習'!$A$2:$A$501,"<>")=SUM(COUNTIF('学習'!$W$2:$W$501,"学習入力不備"),COUNTIF('学習'!$W$2:$W$501,"版未確認・不一致"),COUNTIF('学習'!$W$2:$W$501,"記録確認済（習得認定ではない）"),COUNTIF('学習'!$W$2:$W$501,"人間確認待ち"),COUNTIF('学習'!$W$2:$W$501,"計算エラー")),"整合","入力行・計算列を確認"),"集計エラー")	式の定数置換を防ぐには、原本との数式照合・編集権限の管理も必要。					
初期の記録枠	100	行を延長する場合は管理者が数式・入力規則・書式を同時に延長する。					
実機・運用	未確認	利用開始前に会社Workspaceで入力・数式・共有・復旧を確認する。					
