ITDO｜育成記録コントロール							
0.1-draft｜人間の判断を支援する形式検査。Google実機・権限確認は未実施。							
							
評価記録（履歴含む）		人間確定の記録		未評価の記録		進行中の計画	
=COUNTIF('評価'!$A$2:$A$501,"<>")		=COUNTIF('評価'!$Y$2:$Y$501,"人間確定（形式確認）")		=COUNTIF('評価'!$Y$2:$Y$501,"未評価（証拠不足）")		=COUNTIF('育成'!$N$2:$N$501,"実施中")+COUNTIF('育成'!$N$2:$N$501,"再評価待ち")	
							
手順	参照版を照合 → 対象者・要求を承認 → 評価と根拠を記録 → 評価根拠を紐付け → 1～2能力を選ぶ → 学習記録を確認 → 新規評価IDで再評価						
重要	人間確定は担当者の入力。数式は根拠の真実性・学習効果・採否を認定しない。旧行は上書きしない。						
Google配置	接続先の会社確認・共有先・保存期間の承認後。学習者ごとのファイルと管理者ファイルを分離する。						
							
帳票	ID入力数	検査出力数	件数の整合	注意	原本		
対象者	=COUNTIF('対象者'!$A$2:$A$501,"<>")	=SUM(COUNTIF('対象者'!$E$2:$E$501,"OK"),COUNTIF('対象者'!$E$2:$E$501,"対象者確認待ち"),COUNTIF('対象者'!$E$2:$E$501,"計算エラー"))	=IFERROR(IF(B12=C12,"整合","入力行・計算列を確認"),"集計エラー")	数式削除・範囲外入力の検知補助。式の定数置換は原本照合が必要	https://github.com/itdojp/workplace-competency-framework/tree/a59545025fe339d0f85b0ce7e2aff4ca0b2c4217/templates/spreadsheets		
要求	=COUNTIF('要求'!$A$2:$A$501,"<>")	=SUM(COUNTIF('要求'!$X$2:$X$501,"有効"),COUNTIF('要求'!$X$2:$X$501,"要求未承認・不備"),COUNTIF('要求'!$X$2:$X$501,"計算エラー"))	=IFERROR(IF(B13=C13,"整合","入力行・計算列を確認"),"集計エラー")	数式削除・範囲外入力の検知補助。式の定数置換は原本照合が必要	https://github.com/itdojp/workplace-competency-framework/tree/a59545025fe339d0f85b0ce7e2aff4ca0b2c4217/templates/spreadsheets		
根拠	=COUNTIF('根拠'!$A$2:$A$501,"<>")	=SUM(COUNTIF('根拠'!$S$2:$S$501,"有効"),COUNTIF('根拠'!$S$2:$S$501,"根拠要確認"),COUNTIF('根拠'!$S$2:$S$501,"計算エラー"))	=IFERROR(IF(B14=C14,"整合","入力行・計算列を確認"),"集計エラー")	数式削除・範囲外入力の検知補助。式の定数置換は原本照合が必要	https://github.com/itdojp/workplace-competency-framework/tree/a59545025fe339d0f85b0ce7e2aff4ca0b2c4217/templates/spreadsheets		
評価根拠	=COUNTIF('評価根拠'!$A$2:$A$501,"<>")	=SUM(COUNTIF('評価根拠'!$F$2:$F$501,"OK"),COUNTIF('評価根拠'!$F$2:$F$501,"リンク不備"),COUNTIF('評価根拠'!$F$2:$F$501,"計算エラー"))	=IFERROR(IF(B15=C15,"整合","入力行・計算列を確認"),"集計エラー")	数式削除・範囲外入力の検知補助。式の定数置換は原本照合が必要	https://github.com/itdojp/workplace-competency-framework/tree/a59545025fe339d0f85b0ce7e2aff4ca0b2c4217/templates/spreadsheets		
評価	=COUNTIF('評価'!$A$2:$A$501,"<>")	=SUM(COUNTIF('評価'!$Y$2:$Y$501,"評価入力不備"),COUNTIF('評価'!$Y$2:$Y$501,"版未確認・不一致"),COUNTIF('評価'!$Y$2:$Y$501,"評価未記入"),COUNTIF('評価'!$Y$2:$Y$501,"未評価（証拠不足）"),COUNTIF('評価'!$Y$2:$Y$501,"要求不一致・未承認"),COUNTIF('評価'!$Y$2:$Y$501,"対象外（人間確認）"),COUNTIF('評価'!$Y$2:$Y$501,"対象外要確認"),COUNTIF('評価'!$Y$2:$Y$501,"対象外との矛盾"),COUNTIF('評価'!$Y$2:$Y$501,"根拠不足・不整合"),COUNTIF('評価'!$Y$2:$Y$501,"人間確定（形式確認）"),COUNTIF('評価'!$Y$2:$Y$501,"形式OK・人間確認待ち"),COUNTIF('評価'!$Y$2:$Y$501,"計算エラー"))	=IFERROR(IF(B16=C16,"整合","入力行・計算列を確認"),"集計エラー")	数式削除・範囲外入力の検知補助。式の定数置換は原本照合が必要	https://github.com/itdojp/workplace-competency-framework/tree/a59545025fe339d0f85b0ce7e2aff4ca0b2c4217/templates/spreadsheets		
育成	=COUNTIF('育成'!$A$2:$A$501,"<>")	=SUM(COUNTIF('育成'!$Z$2:$Z$501,"計画入力不備"),COUNTIF('育成'!$Z$2:$Z$501,"版未確認・不一致"),COUNTIF('育成'!$Z$2:$Z$501,"評価・根拠の紐付け不一致"),COUNTIF('育成'!$Z$2:$Z$501,"中止"),COUNTIF('育成'!$Z$2:$Z$501,"同時進行上限超過"),COUNTIF('育成'!$Z$2:$Z$501,"完了（人間確認）"),COUNTIF('育成'!$Z$2:$Z$501,"完了根拠不足"),COUNTIF('育成'!$Z$2:$Z$501,"再評価予定超過"),COUNTIF('育成'!$Z$2:$Z$501,"計画"),COUNTIF('育成'!$Z$2:$Z$501,"実施中"),COUNTIF('育成'!$Z$2:$Z$501,"再評価待ち"),COUNTIF('育成'!$Z$2:$Z$501,"計算エラー"))	=IFERROR(IF(B17=C17,"整合","入力行・計算列を確認"),"集計エラー")	数式削除・範囲外入力の検知補助。式の定数置換は原本照合が必要	https://github.com/itdojp/workplace-competency-framework/tree/a59545025fe339d0f85b0ce7e2aff4ca0b2c4217/templates/spreadsheets		
参照版	=COUNTIF('参照版'!$A$2:$A$501,"<>")	=SUM(COUNTIF('参照版'!$F$2:$F$501,"OK"),COUNTIF('参照版'!$F$2:$F$501,"版確認待ち"),COUNTIF('参照版'!$F$2:$F$501,"計算エラー"))	=IFERROR(IF(B18=C18,"整合","入力行・計算列を確認"),"集計エラー")	数式削除・範囲外入力の検知補助。式の定数置換は原本照合が必要	https://github.com/itdojp/workplace-competency-framework/tree/a59545025fe339d0f85b0ce7e2aff4ca0b2c4217/templates/spreadsheets		
							
数式エラー	=SUM(COUNTIF('要求'!$X$2:$X$501,"計算エラー"),COUNTIF('根拠'!$S$2:$S$501,"計算エラー"),COUNTIF('評価根拠'!$F$2:$F$501,"計算エラー"),COUNTIF('評価'!$Y$2:$Y$501,"計算エラー"),COUNTIF('育成'!$Z$2:$Z$501,"計算エラー"),COUNTIF('参照版'!$F$2:$F$501,"計算エラー"))	1件以上なら利用を保留し原因を確認					
初期の記録枠	100	行102以降へ入力する前に数式・入力規則・書式を延長。参照上限501行。					
担当者・要求	未設定・未承認	役割別要求・最小独立場面数・確認者は会社が決める。空欄を推測で補わない。					
固定参照	a59545025fe339d0f85b0ce7e2aff4ca0b2c4217	教材・辞書はGitHubの固定版。過去行を最新SHAへ一括更新しない。					
