能力ID,能力名,観察範囲,確認課題,設問ID,課題パス,確認基準パス,支援条件,必要証拠,未測定範囲,育成ワーク,ワークパス,制作状態,確認責任,後続Issue
A1,読解・説明理解,条件・例外・不明点の抽出,未制作:DX01,,,,課題未制作;支援条件は実施前に設計,未採取;原回答・根拠・支援条件・場面IDを設計,未知資料での独立確認。W-A1とW-B1は同じ主資料,W-A1,learning/W-A1/start.txt,独立確認未制作;学習用開始文のみ;未検証,人間の評価者;職務要求は制度責任者が承認,#17
A2,正確な記述・説明,結論・事実・判断依頼を相手へ伝える,未制作,,,,課題未制作;支援条件は実施前に設計,未採取;原回答・根拠・支援条件・場面IDを設計,実際の読み手が判断できるかを文章と応答で確認,W-A2,,課題・ワーク未制作;基準は骨子,人間の評価者;職務要求は制度責任者が承認,#23 群A
A3,数量・データ理解,単位・期間・明細と合計の照合,DX02,A-Q1;A-Q2;B-Q1;B-Q2,assessment/practice/DX02.md,assessment/practice/numeric-reviewer-guide.md,初回答は生成AIなし;通常資料・必要な支援可;追加説明は記録,Q別原回答;資料ID;既見・支援;同一場面ID;教材版;参照コミット,統計・ばらつき・確率・未知の集計条件,W-A3,learning/W-A3/start.txt,公開確認課題・ワーク試作;未検証,人間の評価者;職務要求は制度責任者が承認,#9
A4,情報探索・情報源評価,出典・適用条件・情報源の独立性,DX03,A:Q1;Q2;Q4 / B:Q1;Q2;Q4,assessment/practice/DX03.md,assessment/practice/source-reviewer-guide.md,初回答は生成AIなし;通常資料・必要な支援可;追加説明は記録,Q別原回答;資料ID;既見・支援;同一場面ID;教材版;参照コミット,必要情報の自由探索・探索手段選択。配付資料の照合に限定,W-A4,learning/W-A4/start.txt,公開確認課題・ワーク試作;未検証,人間の評価者;職務要求は制度責任者が承認,#11
B1,目的・課題・要件の定義,目的・成果物・制約・完了条件,未制作:DX01,,,,課題未制作;支援条件は実施前に設計,未採取;原回答・根拠・支援条件・場面IDを設計,未知資料での要求確認。既見のW-A1/W-B1だけで認定しない,W-B1,learning/W-B1/start.txt,独立確認未制作;学習用開始文のみ;未検証,人間の評価者;職務要求は制度責任者が承認,#17
B2,構造化・論理的推論,前提・因果・論理の飛躍を分ける,未制作,,,,課題未制作;支援条件は実施前に設計,未採取;原回答・根拠・支援条件・場面IDを設計,図や説明の整合を新規問題で確認,W-B2,,課題・ワーク未制作;基準は骨子,人間の評価者;職務要求は制度責任者が承認,#23 群B
B3,仮説形成・原因分析,複数仮説と識別できる観察を選ぶ,未制作,,,,課題未制作;支援条件は実施前に設計,未採取;原回答・根拠・支援条件・場面IDを設計,確認だけでなく反証・切替を含む原因分析,W-B3,,課題・ワーク未制作;基準は骨子,人間の評価者;職務要求は制度責任者が承認,#23 群B
B4,比較・意思決定,比較基準・選択理由・撤回条件,未制作,,,,課題未制作;支援条件は実施前に設計,未採取;原回答・根拠・支援条件・場面IDを設計,未知条件での意思決定と根拠,W-B4,,課題・ワーク未制作;基準は骨子,人間の評価者;職務要求は制度責任者が承認,#23 群B
C1,計画・段取り・優先順位,作業・依存関係・応答待ち・期限,DX04,A-Q1;A-Q2;B-Q1;B-Q2,assessment/practice/DX04.md,assessment/practice/planning-reviewer-guide.md,初回答は生成AIなし;通常資料・必要な支援可;追加説明は記録,Q別原回答;資料ID;既見・支援;同一場面ID;教材版;参照コミット,実案件の割込み・長期資源配分・見積り精度,W-C1,learning/W-C1/start.txt,公開確認課題・ワーク試作;未検証,人間の評価者;職務要求は制度責任者が承認,#13
C2,進捗管理・相談,遅延予告・条件付き見込み・相談事項,DX04,A-Q2;B-Q2,assessment/practice/DX04.md,assessment/practice/planning-reviewer-guide.md,初回答は生成AIなし;通常資料・必要な支援可;追加説明は記録,Q別原回答;資料ID;既見・支援;同一場面ID;教材版;参照コミット,実際の相手との調整・報告の実行と継続,W-C2,learning/W-C2/start.txt,公開確認課題・ワーク試作;未検証,人間の評価者;職務要求は制度責任者が承認,#13
C3,品質基準・結果検証,受入根拠・不適合と未確認の分離,DX02,A-Q3;B-Q2;B-Q3,assessment/practice/DX02.md,assessment/practice/numeric-reviewer-guide.md,初回答は生成AIなし;通常資料・必要な支援可;追加説明は記録,Q別原回答;資料ID;既見・支援;同一場面ID;教材版;参照コミット,未知の不良への検査設計・実機品質確認,W-C3,learning/W-C3/start.txt,公開確認課題・ワーク試作;未検証,人間の評価者;職務要求は制度責任者が承認,#9
C4,記録・完了・引継ぎ,正本・未完了・残存リスクを引き渡す,未制作,,,,課題未制作;支援条件は実施前に設計,未採取;原回答・根拠・支援条件・場面IDを設計,受け手の引継ぎ成立と追跡,W-C4,,課題・ワーク未制作;基準は骨子,人間の評価者;職務要求は制度責任者が承認,#23 群A
D1,理解・限界の自己認識,自分の判断限界・不足資料・確認行動,DX03,A:Q3;Q4 / B:Q3;Q4,assessment/practice/DX03.md,assessment/practice/source-reviewer-guide.md,初回答は生成AIなし;通常資料・必要な支援可;追加説明は記録,Q別原回答;資料ID;既見・支援;同一場面ID;教材版;参照コミット,実務での自己認識の再現性。自信の件数は評価しない,W-D1,learning/W-D1/start.txt,公開確認課題・ワーク試作;未検証,人間の評価者;職務要求は制度責任者が承認,#11
D2,注意・感情・行動の調整,割込み後の再確認と衝動的変更の抑制,未制作,,,,課題未制作;支援条件は実施前に設計,未採取;原回答・根拠・支援条件・場面IDを設計,対人・道具条件を含む実際の注意調整,W-D2,,課題・ワーク未制作;基準は骨子,人間の評価者;職務要求は制度責任者が承認,#23 群A
D3,負荷把握・援助要請,負荷を把握し具体的な支援を求める,未制作,,,,課題未制作;支援条件は実施前に設計,未採取;原回答・根拠・支援条件・場面IDを設計,会社側の業務配分問題を能力不足にしない,W-D3,,課題・ワーク未制作;基準は骨子,人間の評価者;職務要求は制度責任者が承認,#23 群A
D4,主体的着手・継続・切替,権限内の着手・継続・方法切替,未制作,,,,課題未制作;支援条件は実施前に設計,未採取;原回答・根拠・支援条件・場面IDを設計,過度な指示待ちと無権限着手の区別,W-D4,,課題・ワーク未制作;基準は骨子,人間の評価者;職務要求は制度責任者が承認,#23 群A
E1,学習設計・知識技能の獲得,不足に合う学習方法と理解確認を選ぶ,未制作,,,,課題未制作;支援条件は実施前に設計,未採取;原回答・根拠・支援条件・場面IDを設計,教材閲覧だけで習得としない,W-E1,,課題・ワーク未制作;基準は骨子,人間の評価者;職務要求は制度責任者が承認,#23 群B
E2,フィードバック反映・学習転移,固定助言の理由・類似修正・別場面への適用,DX06,A-Q1;A-Q2;B-Q1,assessment/practice/DX06.md,assessment/practice/delegation-reviewer-guide.md,初回答は生成AIなし;固定助言前後を分離;読み上げ等可,原回答A;固定助言;修正A;別場面B;資料ID;場面ID;教材版;参照コミット,遅延保持・他の職務への転移。W-E2単独ワークは未制作,W-E2,,公開確認課題試作;単独ワーク未制作;未検証,人間の評価者;職務要求は制度責任者が承認,#17
E3,変化への適応・学び直し,前提変更を認識し旧手順を更新する,未制作,,,,課題未制作;支援条件は実施前に設計,未採取;原回答・根拠・支援条件・場面IDを設計,変化後の適用と不要な変更の抑制,W-E3,,課題・ワーク未制作;基準は骨子,人間の評価者;職務要求は制度責任者が承認,#23 群B
E4,実験・振り返り・能力維持,小さく試し間隔を空けて効果を確かめる,未制作,,,,課題未制作;支援条件は実施前に設計,未採取;原回答・根拠・支援条件・場面IDを設計,比較条件・保持・実務適用,W-E4,,課題・ワーク未制作;基準は骨子,人間の評価者;職務要求は制度責任者が承認,#23 群B
F1,相手の立場・意図の理解,相手の目的・懸念を確認する,未制作,,,,課題未制作;支援条件は実施前に設計,未採取;原回答・根拠・支援条件・場面IDを設計,人間相手の対話と認識差の確認,W-F1,,課題・ワーク未制作;基準は骨子,人間の評価者;職務要求は制度責任者が承認,#23 群C
F2,役割調整・共同遂行,役割・期限・受渡しを合意する,未制作,,,,課題未制作;支援条件は実施前に設計,未採取;原回答・根拠・支援条件・場面IDを設計,人間相手の共同遂行,W-F2,,課題・ワーク未制作;基準は骨子,人間の評価者;職務要求は制度責任者が承認,#23 群C
F3,対立調整・交渉・合意形成,利害の違い・合意・未決を整理する,未制作,,,,課題未制作;支援条件は実施前に設計,未採取;原回答・根拠・支援条件・場面IDを設計,人間相手の対立調整。AI対話だけで認定しない,W-F3,,課題・ワーク未制作;基準は骨子,人間の評価者;職務要求は制度責任者が承認,#23 群C
F4,建設的な働きかけ・知識共有,改善可能な助言・異議・知識を共有する,未制作,,,,課題未制作;支援条件は実施前に設計,未採取;原回答・根拠・支援条件・場面IDを設計,人間の受け手への適用と再利用,W-F4,,課題・ワーク未制作;基準は骨子,人間の評価者;職務要求は制度責任者が承認,#23 群C
G1,顧客・組織の価値理解,利用者の困り事と成果の価値を捉える,未制作,,,,課題未制作;支援条件は実施前に設計,未採取;原回答・根拠・支援条件・場面IDを設計,顧客・組織の実際の目的との整合,W-G1,,課題・ワーク未制作;基準は骨子,人間の評価者;職務要求は制度責任者が承認,#23 群C
G2,費用・便益・資源の判断,時間・金額・リスクを含む費用便益,未制作,,,,課題未制作;支援条件は実施前に設計,未採取;原回答・根拠・支援条件・場面IDを設計,単純な計算以外の比較判断,W-G2,,課題・ワーク未制作;基準は骨子,人間の評価者;職務要求は制度責任者が承認,#23 群D
G3,システム思考・影響範囲の把握,前後工程・他者への影響を考える,未制作,,,,課題未制作;支援条件は実施前に設計,未採取;原回答・根拠・支援条件・場面IDを設計,遅れて生じる影響・全体最適,W-G3,,課題・ワーク未制作;基準は骨子,人間の評価者;職務要求は制度責任者が承認,#23 群D
G4,機会発見・創造・改善提案,複数の改善案と検証方法を作る,未制作,,,,課題未制作;支援条件は実施前に設計,未採取;原回答・根拠・支援条件・場面IDを設計,実施可能性と利用者価値,W-G4,,課題・ワーク未制作;基準は骨子,人間の評価者;職務要求は制度責任者が承認,#23 群C
H1,ルール・権限境界の判断,役割・承認・対象・操作と記録の照合,DX05,A-Q1;A-Q3;B-Q1;B-Q3,assessment/practice/DX05.md,assessment/practice/protection-reviewer-guide.md,初回答は生成AIなし;通常資料・必要な支援可;追加説明は記録,Q別原回答;資料ID;既見・支援;同一場面ID;教材版;参照コミット,実在の契約・規程の複雑な解釈と実操作,W-H1,learning/W-H1/start.txt,公開確認課題・ワーク試作;未検証,人間の評価者;職務要求は制度責任者が承認,#16
H2,安全・情報・権利の保護,必要最小限・共有先・間接識別・素材条件,DX05,A-Q2;B-Q2,assessment/practice/DX05.md,assessment/practice/protection-reviewer-guide.md,初回答は生成AIなし;通常資料・必要な支援可;追加説明は記録,Q別原回答;資料ID;既見・支援;同一場面ID;教材版;参照コミット,身体・設備安全、公平性、法的な権利判断一般,W-H2,learning/W-H2/start.txt,公開確認課題・ワーク試作;未検証,人間の評価者;職務要求は制度責任者が承認,#16
H3,リスク予防・封じ込め・回復,影響・可逆性・停止・復旧を選ぶ,未制作,,,,課題未制作;支援条件は実施前に設計,未採取;原回答・根拠・支援条件・場面IDを設計,実際の障害や危険の封じ込め。I4の一部観察だけで認定しない,W-H3,,課題・ワーク未制作;基準は骨子,人間の評価者;職務要求は制度責任者が承認,#23 群D
H4,根拠・責任・不確実性の説明,判断主体・確認範囲・未確認を説明する,未制作,,,,課題未制作;支援条件は実施前に設計,未採取;原回答・根拠・支援条件・場面IDを設計,説明責任と訂正の実務再現性,W-H4,,課題・ワーク未制作;基準は骨子,人間の評価者;職務要求は制度責任者が承認,#23 群D
I1,道具の選択・基本操作,道具の機能・限界と目的を照合する,未制作,,,,課題未制作;支援条件は実施前に設計,未採取;原回答・根拠・支援条件・場面IDを設計,実際の基本操作と方法選択,W-I1,,課題・ワーク未制作;基準は骨子,人間の評価者;職務要求は制度責任者が承認,#23 群D
I2,情報・文書・資産管理,版・所在・アクセス・保存廃棄を管理する,未制作,,,,課題未制作;支援条件は実施前に設計,未採取;原回答・根拠・支援条件・場面IDを設計,管理操作と他者の参照可能性,W-I2,,課題・ワーク未制作;基準は骨子,人間の評価者;職務要求は制度責任者が承認,#23 群D
I3,必要資源の確保・活用,不足に合う人・資料・設備を選ぶ,未制作,,,,課題未制作;支援条件は実施前に設計,未採取;原回答・根拠・支援条件・場面IDを設計,資源の確保と依頼結果の確認,W-I3,,課題・ワーク未制作;基準は骨子,人間の評価者;職務要求は制度責任者が承認,#23 群A
I4,委任・自動化・監督,委任範囲・根拠照合・停止と再開条件,DX06,A-Q1;A-Q2;B-Q1,assessment/practice/DX06.md,assessment/practice/delegation-reviewer-guide.md,初回答は生成AIなし;固定助言前後を分離;読み上げ等可,原回答A;固定助言;修正A;別場面B;資料ID;場面ID;教材版;参照コミット,実ツールの監督・長期負担。D-I4は別の公開試作として併用可,W-I4,learning/W-I4/start.txt,公開確認課題・ワーク試作;未検証,人間の評価者;職務要求は制度責任者が承認,#4
