診断ID,能力ID,診断課題案,観察・提出物,初期時間分,実施条件,開発期,状態,問題版,参照
D-A1,A1,架空の依頼文から要件表を作る,目的・期限・対象・禁止・不明点の5欄メモ,15,通常資料・電卓可／初回生成AI不可／支援条件を記録,第1期,仕様案,,S03;S04;S05
D-A2,A2,曖昧な報告を200字以内に書き直す,読み手が行動できる報告文,15,通常資料・電卓可／初回生成AI不可／支援条件を記録,第2期,仕様案,,S03;S04;S05
D-A3,A3,架空の費用表から誤集計を見つける,単位・期間・概算・明細照合の記録,15,通常資料・電卓可／初回生成AI不可／支援条件を記録,第1期,仕様案,,S03;S04;S05
D-A4,A4,新旧資料とAI要約から採用可能な根拠を選ぶ,主張と原資料を結ぶ根拠表,15,通常資料・電卓可／初回生成AI不可／支援条件を記録,第1期,仕様案,,S03;S04;S05
D-B1,B1,曖昧な依頼から確認質問と完了条件を作る,目的・成果・制約・受入条件の1枚表,15,通常資料・電卓可／初回生成AI不可／支援条件を記録,第1期,仕様案,,S03;S04;S05
D-B2,B2,短い提案文の論理の飛躍を特定する,事実・仮定・結論の整理表,15,通常資料・電卓可／初回生成AI不可／支援条件を記録,第2期,仕様案,,S03;S04;S05
D-B3,B3,申請処理遅延の記録から原因候補を整理する,仮説・予測・確認結果の表,15,通常資料・電卓可／初回生成AI不可／支援条件を記録,第2期,仕様案,,S03;S04;S05
D-B4,B4,制約のある3案から方針と再判断条件を選ぶ,比較表と決定理由メモ,15,通常資料・電卓可／初回生成AI不可／支援条件を記録,第2期,仕様案,,S03;S04;S05
D-C1,C1,5件の依頼を期限と依存関係で並べる,作業・順序・確認点・担当の表,15,通常資料・電卓可／初回生成AI不可／支援条件を記録,第1期,仕様案,,S03;S04;S05
D-C2,C2,途中で条件が変わる課題の相談文を作る,事実・影響・試行・相談事項の報告,15,通常資料・電卓可／初回生成AI不可／支援条件を記録,第1期,仕様案,,S03;S04;S05
D-C3,C3,誤りを含む集計・案内文を検査する,検証観点・証拠・未確認事項の記録,15,通常資料・電卓可／初回生成AI不可／支援条件を記録,第1期,仕様案,,S03;S04;S05
D-C4,C4,作業記録から引継ぎを作る,完了条件・正本・残課題の引継ぎ表,15,通常資料・電卓可／初回生成AI不可／支援条件を記録,第2期,仕様案,,S03;S04;S05
D-D1,D1,資料の主張を事実・推測・未確認へ分類する,分かる・推測・未確認と次の確認,15,通常資料・電卓可／初回生成AI不可／支援条件を記録,第1期,仕様案,,S03;S04;S05
D-D2,D2,割込みを含む架空作業で再開点を記録する,中断・再開・確認のメモ,15,通常資料・電卓可／初回生成AI不可／支援条件を記録,第2期,仕様案,,S03;S04;S05
D-D3,D3,期限が競合する仕事の調整案を作る,負荷・優先順位・依頼する支援の表,15,通常資料・電卓可／初回生成AI不可／支援条件を記録,第2期,仕様案,,S03;S04;S05
D-D4,D4,曖昧な作業の着手と相談境界を決める,着手・継続・切替条件のメモ,15,通常資料・電卓可／初回生成AI不可／支援条件を記録,第2期,仕様案,,S03;S04;S05
D-E1,E1,未知の短い規程を学び説明する,学習目標・練習・説明・確認の記録,15,通常資料・電卓可／初回生成AI不可／支援条件を記録,第2期,仕様案,,S03;S04;S05
D-E2,E2,固定フィードバック後に別課題へ適用する,誤りの規則・類似箇所・次回対策,15,通常資料・電卓可／初回生成AI不可／支援条件を記録,第1期,仕様案,,S03;S04;S05
D-E3,E3,規程改訂の差分から手順を直す,変更点・影響・廃止事項の表,15,通常資料・電卓可／初回生成AI不可／支援条件を記録,第2期,仕様案,,S03;S04;S05
D-E4,E4,小改善の前後を条件付きで比較する,仮説・試行・結果・次の実験,15,通常資料・電卓可／初回生成AI不可／支援条件を記録,第2期,仕様案,,S03;S04;S05
D-F1,F1,二者の依頼の背景と確認質問を作る,相手の目的・制約・確認質問,15,通常資料・電卓可／初回生成AI不可／支援条件を記録,第2期,仕様案,,S03;S04;S05
D-F2,F2,二人作業の分担と引渡し条件を設計する,分担表と受渡し条件,15,通常資料・電卓可／初回生成AI不可／支援条件を記録,第2期,仕様案,,S03;S04;S05
D-F3,F3,期限と品質が衝突する場面を調整する,合意・未決・次の確認の記録,15,通常資料・電卓可／初回生成AI不可／支援条件を記録,第2期,仕様案,,S03;S04;S05
D-F4,F4,不適切な依頼への指摘と代案を作る,観察事実・影響・代案・共有メモ,15,通常資料・電卓可／初回生成AI不可／支援条件を記録,第2期,仕様案,,S03;S04;S05
D-G1,G1,依頼の背景から成功指標を選ぶ,利用者・困り事・価値・成功条件,15,通常資料・電卓可／初回生成AI不可／支援条件を記録,第2期,仕様案,,S03;S04;S05
D-G2,G2,3案の導入・確認・維持負担を比較する,総費用・便益・不確実性の表,15,通常資料・電卓可／初回生成AI不可／支援条件を記録,第2期,仕様案,,S03;S04;S05
D-G3,G3,手順変更の影響先を洗い出す,前後工程・影響・確認先の図,15,通常資料・電卓可／初回生成AI不可／支援条件を記録,第2期,仕様案,,S03;S04;S05
D-G4,G4,架空業務の無駄から改善案を2案作る,困り事・改善案・小実験の表,15,通常資料・電卓可／初回生成AI不可／支援条件を記録,第2期,仕様案,,S03;S04;S05
D-H1,H1,架空権限表から実施と保留を分類する,実施可・承認要・不可と根拠,15,通常資料・電卓可／初回生成AI不可／支援条件を記録,第1期,仕様案,,S03;S04;S05
D-H2,H2,架空データの入力・共有可否を分類する,情報区分・共有先・代替方法,15,通常資料・電卓可／初回生成AI不可／支援条件を記録,第1期,仕様案,,S03;S04;S05
D-H3,H3,誤送信や誤更新の模擬対応順序を決める,予防・停止・報告・復旧の表,15,通常資料・電卓可／初回生成AI不可／支援条件を記録,第2期,仕様案,,S03;S04;S05
D-H4,H4,完了報告から過剰な断定を直す,判断者・根拠・確認・残存リスク,15,通常資料・電卓可／初回生成AI不可／支援条件を記録,第2期,仕様案,,S03;S04;S05
D-I1,I1,文書・表計算・相談の使い分けを選ぶ,道具・選択理由・基本操作の記録,15,通常資料・電卓可／初回生成AI不可／支援条件を記録,第2期,仕様案,,S03;S04;S05
D-I2,I2,架空ファイル一覧から正本と整理方針を選ぶ,正本・版・権限・保存場所の台帳,15,通常資料・電卓可／初回生成AI不可／支援条件を記録,第2期,仕様案,,S03;S04;S05
D-I3,I3,自力では解けない課題の支援依頼を作る,不足・候補・依頼内容・期限の表,15,通常資料・電卓可／初回生成AI不可／支援条件を記録,第2期,仕様案,,S03;S04;S05
D-I4,I4,AIへの作業依頼と承認・停止条件を設計する,委任範囲・承認・検証・停止・代替の表,15,通常資料・電卓可／初回生成AI不可／支援条件を記録,第1期,仕様案,,S03;S04;S05
